<?xml version="1.0" encoding="UTF-8"?>
<stimuliset>
    <namedstimuli>
        <stimuliname>din</stimuliname>
        <timeStamp>25/02/2024;4:42:36:PM</timeStamp>
        <simStopTime>1n</simStopTime>
        <isourceResistorValue>1k</isourceResistorValue>
        <libname></libname>
        <srctype>bit</srctype>
        <sourcetype>V</sourcetype>
        <cdfinstname>vbit</cdfinstname>
        <parameterset>
            <parameter>
                <cdfname>data</cdfname>
                <prompt>Pattern Parameter data</prompt>
                <datatype>string</datatype>
                <value>01101001</value>
                <defvalue></defvalue>
            </parameter>
            <parameter>
                <cdfname>rptstart</cdfname>
                <prompt>Pattern Parameter rptstart</prompt>
                <datatype>string</datatype>
                <value>1</value>
                <defvalue>1</defvalue>
            </parameter>
            <parameter>
                <cdfname>rpttimes</cdfname>
                <prompt>Pattern Parameter rpttimes</prompt>
                <datatype>string</datatype>
                <value>0</value>
                <defvalue>0</defvalue>
            </parameter>
            <parameter>
                <cdfname>trigger</cdfname>
                <prompt>Trigger</prompt>
                <datatype>cyclic</datatype>
                <value>Internal</value>
                <defvalue>Internal</defvalue>
            </parameter>
            <parameter>
                <cdfname>nPeriodicJitter</cdfname>
                <prompt>Number of periodic jitters</prompt>
                <datatype>string</datatype>
                <value>0</value>
                <defvalue>0</defvalue>
            </parameter>
            <parameter>
                <cdfname>val1</cdfname>
                <prompt>One value</prompt>
                <datatype>string</datatype>
                <value>1</value>
                <defvalue></defvalue>
            </parameter>
            <parameter>
                <cdfname>val0</cdfname>
                <prompt>Zero value</prompt>
                <datatype>string</datatype>
                <value>0</value>
                <defvalue></defvalue>
            </parameter>
            <parameter>
                <cdfname>td</cdfname>
                <prompt>Delay time</prompt>
                <datatype>string</datatype>
                <value>0</value>
                <defvalue></defvalue>
            </parameter>
            <parameter>
                <cdfname>tr</cdfname>
                <prompt>Rise time</prompt>
                <datatype>string</datatype>
                <value>10p</value>
                <defvalue></defvalue>
            </parameter>
            <parameter>
                <cdfname>tf</cdfname>
                <prompt>Fall time</prompt>
                <datatype>string</datatype>
                <value>10p</value>
                <defvalue></defvalue>
            </parameter>
            <parameter>
                <cdfname>per</cdfname>
                <prompt>Period</prompt>
                <datatype>string</datatype>
                <value>2.5n</value>
                <defvalue></defvalue>
            </parameter>
        </parameterset>
    </namedstimuli>
    <namedstimuli>
        <stimuliname>en</stimuliname>
        <timeStamp>25/02/2024;4:27:7:PM</timeStamp>
        <simStopTime>1n</simStopTime>
        <isourceResistorValue>1k</isourceResistorValue>
        <libname></libname>
        <srctype>bit</srctype>
        <sourcetype>V</sourcetype>
        <cdfinstname>vbit</cdfinstname>
        <parameterset>
            <parameter>
                <cdfname>data</cdfname>
                <prompt>Pattern Parameter data</prompt>
                <datatype>string</datatype>
                <value>10101010</value>
                <defvalue></defvalue>
            </parameter>
            <parameter>
                <cdfname>rptstart</cdfname>
                <prompt>Pattern Parameter rptstart</prompt>
                <datatype>string</datatype>
                <value>1</value>
                <defvalue>1</defvalue>
            </parameter>
            <parameter>
                <cdfname>rpttimes</cdfname>
                <prompt>Pattern Parameter rpttimes</prompt>
                <datatype>string</datatype>
                <value>0</value>
                <defvalue>0</defvalue>
            </parameter>
            <parameter>
                <cdfname>trigger</cdfname>
                <prompt>Trigger</prompt>
                <datatype>cyclic</datatype>
                <value>Internal</value>
                <defvalue>Internal</defvalue>
            </parameter>
            <parameter>
                <cdfname>nPeriodicJitter</cdfname>
                <prompt>Number of periodic jitters</prompt>
                <datatype>string</datatype>
                <value>0</value>
                <defvalue>0</defvalue>
            </parameter>
            <parameter>
                <cdfname>val1</cdfname>
                <prompt>One value</prompt>
                <datatype>string</datatype>
                <value>1</value>
                <defvalue></defvalue>
            </parameter>
            <parameter>
                <cdfname>val0</cdfname>
                <prompt>Zero value</prompt>
                <datatype>string</datatype>
                <value>0</value>
                <defvalue></defvalue>
            </parameter>
            <parameter>
                <cdfname>td</cdfname>
                <prompt>Delay time</prompt>
                <datatype>string</datatype>
                <value>0</value>
                <defvalue></defvalue>
            </parameter>
            <parameter>
                <cdfname>tr</cdfname>
                <prompt>Rise time</prompt>
                <datatype>string</datatype>
                <value>10p</value>
                <defvalue></defvalue>
            </parameter>
            <parameter>
                <cdfname>tf</cdfname>
                <prompt>Fall time</prompt>
                <datatype>string</datatype>
                <value>10p</value>
                <defvalue></defvalue>
            </parameter>
            <parameter>
                <cdfname>per</cdfname>
                <prompt>Period</prompt>
                <datatype>string</datatype>
                <value>2.5n</value>
                <defvalue></defvalue>
            </parameter>
        </parameterset>
    </namedstimuli>
    <namedstimuli>
        <stimuliname>vss</stimuliname>
        <timeStamp>25/02/2024;4:25:25:PM</timeStamp>
        <simStopTime>1n</simStopTime>
        <isourceResistorValue>1k</isourceResistorValue>
        <libname></libname>
        <srctype>dc</srctype>
        <sourcetype>V</sourcetype>
        <cdfinstname>vdc</cdfinstname>
        <parameterset>
            <parameter>
                <cdfname>FNpairs</cdfname>
                <prompt>Number of noise/freq pairs</prompt>
                <datatype>int</datatype>
                <value>0</value>
                <defvalue>0</defvalue>
            </parameter>
            <parameter>
                <cdfname>vdc</cdfname>
                <prompt>DC voltage</prompt>
                <datatype>string</datatype>
                <value>0</value>
                <defvalue></defvalue>
            </parameter>
        </parameterset>
    </namedstimuli>
    <namedstimuli>
        <stimuliname>vdd</stimuliname>
        <timeStamp>25/02/2024;4:25:33:PM</timeStamp>
        <simStopTime>1n</simStopTime>
        <isourceResistorValue>1k</isourceResistorValue>
        <libname></libname>
        <srctype>dc</srctype>
        <sourcetype>V</sourcetype>
        <cdfinstname>vdc</cdfinstname>
        <parameterset>
            <parameter>
                <cdfname>FNpairs</cdfname>
                <prompt>Number of noise/freq pairs</prompt>
                <datatype>int</datatype>
                <value>0</value>
                <defvalue>0</defvalue>
            </parameter>
            <parameter>
                <cdfname>vdc</cdfname>
                <prompt>DC voltage</prompt>
                <datatype>string</datatype>
                <value>1</value>
                <defvalue></defvalue>
            </parameter>
        </parameterset>
    </namedstimuli>
</stimuliset>