<?xml version="1.0" encoding="UTF-8"?>
<stimuliset>
    <namedstimuli>
        <stimuliname>a</stimuliname>
        <timeStamp>13/03/2024;4:5:34:PM</timeStamp>
        <libname></libname>
        <srctype>bit</srctype>
        <sourcetype>V</sourcetype>
        <cdfinstname>vbit</cdfinstname>
        <parameterset>
            <parameter>
                <cdfname>data</cdfname>
                <prompt>Pattern Parameter data</prompt>
                <datatype>string</datatype>
                <value>000000</value>
                <defvalue></defvalue>
            </parameter>
            <parameter>
                <cdfname>rptstart</cdfname>
                <prompt>Pattern Parameter rptstart</prompt>
                <datatype>string</datatype>
                <value>1</value>
                <defvalue>1</defvalue>
            </parameter>
            <parameter>
                <cdfname>rpttimes</cdfname>
                <prompt>Pattern Parameter rpttimes</prompt>
                <datatype>string</datatype>
                <value>0</value>
                <defvalue>0</defvalue>
            </parameter>
            <parameter>
                <cdfname>trigger</cdfname>
                <prompt>Trigger</prompt>
                <datatype>cyclic</datatype>
                <value>Internal</value>
                <defvalue>Internal</defvalue>
            </parameter>
            <parameter>
                <cdfname>nPeriodicJitter</cdfname>
                <prompt>Number of periodic jitters</prompt>
                <datatype>string</datatype>
                <value>0</value>
                <defvalue>0</defvalue>
            </parameter>
            <parameter>
                <cdfname>val1</cdfname>
                <prompt>One value</prompt>
                <datatype>string</datatype>
                <value>1</value>
                <defvalue></defvalue>
            </parameter>
            <parameter>
                <cdfname>val0</cdfname>
                <prompt>Zero value</prompt>
                <datatype>string</datatype>
                <value>0</value>
                <defvalue></defvalue>
            </parameter>
            <parameter>
                <cdfname>td</cdfname>
                <prompt>Delay time</prompt>
                <datatype>string</datatype>
                <value>0</value>
                <defvalue></defvalue>
            </parameter>
            <parameter>
                <cdfname>tr</cdfname>
                <prompt>Rise time</prompt>
                <datatype>string</datatype>
                <value>10p</value>
                <defvalue></defvalue>
            </parameter>
            <parameter>
                <cdfname>tf</cdfname>
                <prompt>Fall time</prompt>
                <datatype>string</datatype>
                <value>10p</value>
                <defvalue></defvalue>
            </parameter>
            <parameter>
                <cdfname>per</cdfname>
                <prompt>Period</prompt>
                <datatype>string</datatype>
                <value>2.5n</value>
                <defvalue></defvalue>
            </parameter>
        </parameterset>
    </namedstimuli>
    <namedstimuli>
        <stimuliname>b</stimuliname>
        <timeStamp>13/03/2024;4:5:31:PM</timeStamp>
        <libname></libname>
        <srctype>bit</srctype>
        <sourcetype>V</sourcetype>
        <cdfinstname>vbit</cdfinstname>
        <parameterset>
            <parameter>
                <cdfname>data</cdfname>
                <prompt>Pattern Parameter data</prompt>
                <datatype>string</datatype>
                <value>111111</value>
                <defvalue></defvalue>
            </parameter>
            <parameter>
                <cdfname>rptstart</cdfname>
                <prompt>Pattern Parameter rptstart</prompt>
                <datatype>string</datatype>
                <value>1</value>
                <defvalue>1</defvalue>
            </parameter>
            <parameter>
                <cdfname>rpttimes</cdfname>
                <prompt>Pattern Parameter rpttimes</prompt>
                <datatype>string</datatype>
                <value>0</value>
                <defvalue>0</defvalue>
            </parameter>
            <parameter>
                <cdfname>trigger</cdfname>
                <prompt>Trigger</prompt>
                <datatype>cyclic</datatype>
                <value>Internal</value>
                <defvalue>Internal</defvalue>
            </parameter>
            <parameter>
                <cdfname>nPeriodicJitter</cdfname>
                <prompt>Number of periodic jitters</prompt>
                <datatype>string</datatype>
                <value>0</value>
                <defvalue>0</defvalue>
            </parameter>
            <parameter>
                <cdfname>val1</cdfname>
                <prompt>One value</prompt>
                <datatype>string</datatype>
                <value>1</value>
                <defvalue></defvalue>
            </parameter>
            <parameter>
                <cdfname>val0</cdfname>
                <prompt>Zero value</prompt>
                <datatype>string</datatype>
                <value>0</value>
                <defvalue></defvalue>
            </parameter>
            <parameter>
                <cdfname>td</cdfname>
                <prompt>Delay time</prompt>
                <datatype>string</datatype>
                <value>0</value>
                <defvalue></defvalue>
            </parameter>
            <parameter>
                <cdfname>tr</cdfname>
                <prompt>Rise time</prompt>
                <datatype>string</datatype>
                <value>10p</value>
                <defvalue></defvalue>
            </parameter>
            <parameter>
                <cdfname>tf</cdfname>
                <prompt>Fall time</prompt>
                <datatype>string</datatype>
                <value>10p</value>
                <defvalue></defvalue>
            </parameter>
            <parameter>
                <cdfname>per</cdfname>
                <prompt>Period</prompt>
                <datatype>string</datatype>
                <value>2.5n</value>
                <defvalue></defvalue>
            </parameter>
        </parameterset>
    </namedstimuli>
    <namedstimuli>
        <stimuliname>c</stimuliname>
        <timeStamp>13/03/2024;4:5:28:PM</timeStamp>
        <libname></libname>
        <srctype>bit</srctype>
        <sourcetype>V</sourcetype>
        <cdfinstname>vbit</cdfinstname>
        <parameterset>
            <parameter>
                <cdfname>data</cdfname>
                <prompt>Pattern Parameter data</prompt>
                <datatype>string</datatype>
                <value>000000</value>
                <defvalue></defvalue>
            </parameter>
            <parameter>
                <cdfname>rptstart</cdfname>
                <prompt>Pattern Parameter rptstart</prompt>
                <datatype>string</datatype>
                <value>1</value>
                <defvalue>1</defvalue>
            </parameter>
            <parameter>
                <cdfname>rpttimes</cdfname>
                <prompt>Pattern Parameter rpttimes</prompt>
                <datatype>string</datatype>
                <value>0</value>
                <defvalue>0</defvalue>
            </parameter>
            <parameter>
                <cdfname>trigger</cdfname>
                <prompt>Trigger</prompt>
                <datatype>cyclic</datatype>
                <value>Internal</value>
                <defvalue>Internal</defvalue>
            </parameter>
            <parameter>
                <cdfname>nPeriodicJitter</cdfname>
                <prompt>Number of periodic jitters</prompt>
                <datatype>string</datatype>
                <value>0</value>
                <defvalue>0</defvalue>
            </parameter>
            <parameter>
                <cdfname>val1</cdfname>
                <prompt>One value</prompt>
                <datatype>string</datatype>
                <value>1</value>
                <defvalue></defvalue>
            </parameter>
            <parameter>
                <cdfname>val0</cdfname>
                <prompt>Zero value</prompt>
                <datatype>string</datatype>
                <value>0</value>
                <defvalue></defvalue>
            </parameter>
            <parameter>
                <cdfname>td</cdfname>
                <prompt>Delay time</prompt>
                <datatype>string</datatype>
                <value>0</value>
                <defvalue></defvalue>
            </parameter>
            <parameter>
                <cdfname>tr</cdfname>
                <prompt>Rise time</prompt>
                <datatype>string</datatype>
                <value>10p</value>
                <defvalue></defvalue>
            </parameter>
            <parameter>
                <cdfname>tf</cdfname>
                <prompt>Fall time</prompt>
                <datatype>string</datatype>
                <value>10p</value>
                <defvalue></defvalue>
            </parameter>
            <parameter>
                <cdfname>per</cdfname>
                <prompt>Period</prompt>
                <datatype>string</datatype>
                <value>2.5n</value>
                <defvalue></defvalue>
            </parameter>
        </parameterset>
    </namedstimuli>
    <namedstimuli>
        <stimuliname>d</stimuliname>
        <timeStamp>13/03/2024;4:5:47:PM</timeStamp>
        <libname></libname>
        <srctype>bit</srctype>
        <sourcetype>V</sourcetype>
        <cdfinstname>vbit</cdfinstname>
        <parameterset>
            <parameter>
                <cdfname>data</cdfname>
                <prompt>Pattern Parameter data</prompt>
                <datatype>string</datatype>
                <value>111111</value>
                <defvalue></defvalue>
            </parameter>
            <parameter>
                <cdfname>rptstart</cdfname>
                <prompt>Pattern Parameter rptstart</prompt>
                <datatype>string</datatype>
                <value>1</value>
                <defvalue>1</defvalue>
            </parameter>
            <parameter>
                <cdfname>rpttimes</cdfname>
                <prompt>Pattern Parameter rpttimes</prompt>
                <datatype>string</datatype>
                <value>0</value>
                <defvalue>0</defvalue>
            </parameter>
            <parameter>
                <cdfname>trigger</cdfname>
                <prompt>Trigger</prompt>
                <datatype>cyclic</datatype>
                <value>Internal</value>
                <defvalue>Internal</defvalue>
            </parameter>
            <parameter>
                <cdfname>nPeriodicJitter</cdfname>
                <prompt>Number of periodic jitters</prompt>
                <datatype>string</datatype>
                <value>0</value>
                <defvalue>0</defvalue>
            </parameter>
            <parameter>
                <cdfname>val1</cdfname>
                <prompt>One value</prompt>
                <datatype>string</datatype>
                <value>1</value>
                <defvalue></defvalue>
            </parameter>
            <parameter>
                <cdfname>val0</cdfname>
                <prompt>Zero value</prompt>
                <datatype>string</datatype>
                <value>0</value>
                <defvalue></defvalue>
            </parameter>
            <parameter>
                <cdfname>td</cdfname>
                <prompt>Delay time</prompt>
                <datatype>string</datatype>
                <value>0</value>
                <defvalue></defvalue>
            </parameter>
            <parameter>
                <cdfname>tr</cdfname>
                <prompt>Rise time</prompt>
                <datatype>string</datatype>
                <value>10p</value>
                <defvalue></defvalue>
            </parameter>
            <parameter>
                <cdfname>tf</cdfname>
                <prompt>Fall time</prompt>
                <datatype>string</datatype>
                <value>10p</value>
                <defvalue></defvalue>
            </parameter>
            <parameter>
                <cdfname>per</cdfname>
                <prompt>Period</prompt>
                <datatype>string</datatype>
                <value>2.5n</value>
                <defvalue></defvalue>
            </parameter>
        </parameterset>
    </namedstimuli>
    <namedstimuli>
        <stimuliname>e</stimuliname>
        <timeStamp>13/03/2024;4:5:51:PM</timeStamp>
        <libname></libname>
        <srctype>bit</srctype>
        <sourcetype>V</sourcetype>
        <cdfinstname>vbit</cdfinstname>
        <parameterset>
            <parameter>
                <cdfname>data</cdfname>
                <prompt>Pattern Parameter data</prompt>
                <datatype>string</datatype>
                <value>000000</value>
                <defvalue></defvalue>
            </parameter>
            <parameter>
                <cdfname>rptstart</cdfname>
                <prompt>Pattern Parameter rptstart</prompt>
                <datatype>string</datatype>
                <value>1</value>
                <defvalue>1</defvalue>
            </parameter>
            <parameter>
                <cdfname>rpttimes</cdfname>
                <prompt>Pattern Parameter rpttimes</prompt>
                <datatype>string</datatype>
                <value>0</value>
                <defvalue>0</defvalue>
            </parameter>
            <parameter>
                <cdfname>trigger</cdfname>
                <prompt>Trigger</prompt>
                <datatype>cyclic</datatype>
                <value>Internal</value>
                <defvalue>Internal</defvalue>
            </parameter>
            <parameter>
                <cdfname>nPeriodicJitter</cdfname>
                <prompt>Number of periodic jitters</prompt>
                <datatype>string</datatype>
                <value>0</value>
                <defvalue>0</defvalue>
            </parameter>
            <parameter>
                <cdfname>val1</cdfname>
                <prompt>One value</prompt>
                <datatype>string</datatype>
                <value>1</value>
                <defvalue></defvalue>
            </parameter>
            <parameter>
                <cdfname>val0</cdfname>
                <prompt>Zero value</prompt>
                <datatype>string</datatype>
                <value>0</value>
                <defvalue></defvalue>
            </parameter>
            <parameter>
                <cdfname>td</cdfname>
                <prompt>Delay time</prompt>
                <datatype>string</datatype>
                <value>0</value>
                <defvalue></defvalue>
            </parameter>
            <parameter>
                <cdfname>tr</cdfname>
                <prompt>Rise time</prompt>
                <datatype>string</datatype>
                <value>10p</value>
                <defvalue></defvalue>
            </parameter>
            <parameter>
                <cdfname>tf</cdfname>
                <prompt>Fall time</prompt>
                <datatype>string</datatype>
                <value>10p</value>
                <defvalue></defvalue>
            </parameter>
            <parameter>
                <cdfname>per</cdfname>
                <prompt>Period</prompt>
                <datatype>string</datatype>
                <value>2.5n</value>
                <defvalue></defvalue>
            </parameter>
        </parameterset>
    </namedstimuli>
    <namedstimuli>
        <stimuliname>f</stimuliname>
        <timeStamp>13/03/2024;4:5:55:PM</timeStamp>
        <libname></libname>
        <srctype>bit</srctype>
        <sourcetype>V</sourcetype>
        <cdfinstname>vbit</cdfinstname>
        <parameterset>
            <parameter>
                <cdfname>data</cdfname>
                <prompt>Pattern Parameter data</prompt>
                <datatype>string</datatype>
                <value>111111</value>
                <defvalue></defvalue>
            </parameter>
            <parameter>
                <cdfname>rptstart</cdfname>
                <prompt>Pattern Parameter rptstart</prompt>
                <datatype>string</datatype>
                <value>1</value>
                <defvalue>1</defvalue>
            </parameter>
            <parameter>
                <cdfname>rpttimes</cdfname>
                <prompt>Pattern Parameter rpttimes</prompt>
                <datatype>string</datatype>
                <value>0</value>
                <defvalue>0</defvalue>
            </parameter>
            <parameter>
                <cdfname>trigger</cdfname>
                <prompt>Trigger</prompt>
                <datatype>cyclic</datatype>
                <value>Internal</value>
                <defvalue>Internal</defvalue>
            </parameter>
            <parameter>
                <cdfname>nPeriodicJitter</cdfname>
                <prompt>Number of periodic jitters</prompt>
                <datatype>string</datatype>
                <value>0</value>
                <defvalue>0</defvalue>
            </parameter>
            <parameter>
                <cdfname>val1</cdfname>
                <prompt>One value</prompt>
                <datatype>string</datatype>
                <value>1</value>
                <defvalue></defvalue>
            </parameter>
            <parameter>
                <cdfname>val0</cdfname>
                <prompt>Zero value</prompt>
                <datatype>string</datatype>
                <value>0</value>
                <defvalue></defvalue>
            </parameter>
            <parameter>
                <cdfname>td</cdfname>
                <prompt>Delay time</prompt>
                <datatype>string</datatype>
                <value>0</value>
                <defvalue></defvalue>
            </parameter>
            <parameter>
                <cdfname>tr</cdfname>
                <prompt>Rise time</prompt>
                <datatype>string</datatype>
                <value>10p</value>
                <defvalue></defvalue>
            </parameter>
            <parameter>
                <cdfname>tf</cdfname>
                <prompt>Fall time</prompt>
                <datatype>string</datatype>
                <value>10p</value>
                <defvalue></defvalue>
            </parameter>
            <parameter>
                <cdfname>per</cdfname>
                <prompt>Period</prompt>
                <datatype>string</datatype>
                <value>2.5n</value>
                <defvalue></defvalue>
            </parameter>
        </parameterset>
    </namedstimuli>
    <namedstimuli>
        <stimuliname>s0</stimuliname>
        <timeStamp>13/03/2024;4:6:6:PM</timeStamp>
        <libname></libname>
        <srctype>bit</srctype>
        <sourcetype>V</sourcetype>
        <cdfinstname>vbit</cdfinstname>
        <parameterset>
            <parameter>
                <cdfname>data</cdfname>
                <prompt>Pattern Parameter data</prompt>
                <datatype>string</datatype>
                <value>010101</value>
                <defvalue></defvalue>
            </parameter>
            <parameter>
                <cdfname>rptstart</cdfname>
                <prompt>Pattern Parameter rptstart</prompt>
                <datatype>string</datatype>
                <value>1</value>
                <defvalue>1</defvalue>
            </parameter>
            <parameter>
                <cdfname>rpttimes</cdfname>
                <prompt>Pattern Parameter rpttimes</prompt>
                <datatype>string</datatype>
                <value>0</value>
                <defvalue>0</defvalue>
            </parameter>
            <parameter>
                <cdfname>trigger</cdfname>
                <prompt>Trigger</prompt>
                <datatype>cyclic</datatype>
                <value>Internal</value>
                <defvalue>Internal</defvalue>
            </parameter>
            <parameter>
                <cdfname>nPeriodicJitter</cdfname>
                <prompt>Number of periodic jitters</prompt>
                <datatype>string</datatype>
                <value>0</value>
                <defvalue>0</defvalue>
            </parameter>
            <parameter>
                <cdfname>val1</cdfname>
                <prompt>One value</prompt>
                <datatype>string</datatype>
                <value>1</value>
                <defvalue></defvalue>
            </parameter>
            <parameter>
                <cdfname>val0</cdfname>
                <prompt>Zero value</prompt>
                <datatype>string</datatype>
                <value>0</value>
                <defvalue></defvalue>
            </parameter>
            <parameter>
                <cdfname>td</cdfname>
                <prompt>Delay time</prompt>
                <datatype>string</datatype>
                <value>0</value>
                <defvalue></defvalue>
            </parameter>
            <parameter>
                <cdfname>tr</cdfname>
                <prompt>Rise time</prompt>
                <datatype>string</datatype>
                <value>10p</value>
                <defvalue></defvalue>
            </parameter>
            <parameter>
                <cdfname>tf</cdfname>
                <prompt>Fall time</prompt>
                <datatype>string</datatype>
                <value>10p</value>
                <defvalue></defvalue>
            </parameter>
            <parameter>
                <cdfname>per</cdfname>
                <prompt>Period</prompt>
                <datatype>string</datatype>
                <value>2.5n</value>
                <defvalue></defvalue>
            </parameter>
        </parameterset>
    </namedstimuli>
    <namedstimuli>
        <stimuliname>s1</stimuliname>
        <timeStamp>13/03/2024;4:6:14:PM</timeStamp>
        <libname></libname>
        <srctype>bit</srctype>
        <sourcetype>V</sourcetype>
        <cdfinstname>vbit</cdfinstname>
        <parameterset>
            <parameter>
                <cdfname>data</cdfname>
                <prompt>Pattern Parameter data</prompt>
                <datatype>string</datatype>
                <value>001100</value>
                <defvalue></defvalue>
            </parameter>
            <parameter>
                <cdfname>rptstart</cdfname>
                <prompt>Pattern Parameter rptstart</prompt>
                <datatype>string</datatype>
                <value>1</value>
                <defvalue>1</defvalue>
            </parameter>
            <parameter>
                <cdfname>rpttimes</cdfname>
                <prompt>Pattern Parameter rpttimes</prompt>
                <datatype>string</datatype>
                <value>0</value>
                <defvalue>0</defvalue>
            </parameter>
            <parameter>
                <cdfname>trigger</cdfname>
                <prompt>Trigger</prompt>
                <datatype>cyclic</datatype>
                <value>Internal</value>
                <defvalue>Internal</defvalue>
            </parameter>
            <parameter>
                <cdfname>nPeriodicJitter</cdfname>
                <prompt>Number of periodic jitters</prompt>
                <datatype>string</datatype>
                <value>0</value>
                <defvalue>0</defvalue>
            </parameter>
            <parameter>
                <cdfname>val1</cdfname>
                <prompt>One value</prompt>
                <datatype>string</datatype>
                <value>1</value>
                <defvalue></defvalue>
            </parameter>
            <parameter>
                <cdfname>val0</cdfname>
                <prompt>Zero value</prompt>
                <datatype>string</datatype>
                <value>0</value>
                <defvalue></defvalue>
            </parameter>
            <parameter>
                <cdfname>td</cdfname>
                <prompt>Delay time</prompt>
                <datatype>string</datatype>
                <value>0</value>
                <defvalue></defvalue>
            </parameter>
            <parameter>
                <cdfname>tr</cdfname>
                <prompt>Rise time</prompt>
                <datatype>string</datatype>
                <value>10p</value>
                <defvalue></defvalue>
            </parameter>
            <parameter>
                <cdfname>tf</cdfname>
                <prompt>Fall time</prompt>
                <datatype>string</datatype>
                <value>10p</value>
                <defvalue></defvalue>
            </parameter>
            <parameter>
                <cdfname>per</cdfname>
                <prompt>Period</prompt>
                <datatype>string</datatype>
                <value>2.5n</value>
                <defvalue></defvalue>
            </parameter>
        </parameterset>
    </namedstimuli>
    <namedstimuli>
        <stimuliname>s2</stimuliname>
        <timeStamp>13/03/2024;4:6:24:PM</timeStamp>
        <libname></libname>
        <srctype>bit</srctype>
        <sourcetype>V</sourcetype>
        <cdfinstname>vbit</cdfinstname>
        <parameterset>
            <parameter>
                <cdfname>data</cdfname>
                <prompt>Pattern Parameter data</prompt>
                <datatype>string</datatype>
                <value>000011</value>
                <defvalue></defvalue>
            </parameter>
            <parameter>
                <cdfname>rptstart</cdfname>
                <prompt>Pattern Parameter rptstart</prompt>
                <datatype>string</datatype>
                <value>1</value>
                <defvalue>1</defvalue>
            </parameter>
            <parameter>
                <cdfname>rpttimes</cdfname>
                <prompt>Pattern Parameter rpttimes</prompt>
                <datatype>string</datatype>
                <value>0</value>
                <defvalue>0</defvalue>
            </parameter>
            <parameter>
                <cdfname>trigger</cdfname>
                <prompt>Trigger</prompt>
                <datatype>cyclic</datatype>
                <value>Internal</value>
                <defvalue>Internal</defvalue>
            </parameter>
            <parameter>
                <cdfname>nPeriodicJitter</cdfname>
                <prompt>Number of periodic jitters</prompt>
                <datatype>string</datatype>
                <value>0</value>
                <defvalue>0</defvalue>
            </parameter>
            <parameter>
                <cdfname>val1</cdfname>
                <prompt>One value</prompt>
                <datatype>string</datatype>
                <value>1</value>
                <defvalue></defvalue>
            </parameter>
            <parameter>
                <cdfname>val0</cdfname>
                <prompt>Zero value</prompt>
                <datatype>string</datatype>
                <value>0</value>
                <defvalue></defvalue>
            </parameter>
            <parameter>
                <cdfname>td</cdfname>
                <prompt>Delay time</prompt>
                <datatype>string</datatype>
                <value>0</value>
                <defvalue></defvalue>
            </parameter>
            <parameter>
                <cdfname>tr</cdfname>
                <prompt>Rise time</prompt>
                <datatype>string</datatype>
                <value>10p</value>
                <defvalue></defvalue>
            </parameter>
            <parameter>
                <cdfname>tf</cdfname>
                <prompt>Fall time</prompt>
                <datatype>string</datatype>
                <value>10p</value>
                <defvalue></defvalue>
            </parameter>
            <parameter>
                <cdfname>per</cdfname>
                <prompt>Period</prompt>
                <datatype>string</datatype>
                <value>2.5n</value>
                <defvalue></defvalue>
            </parameter>
        </parameterset>
    </namedstimuli>
    <namedstimuli>
        <stimuliname>vdd</stimuliname>
        <timeStamp>13/03/2024;4:6:45:PM</timeStamp>
        <libname></libname>
        <srctype>dc</srctype>
        <sourcetype>V</sourcetype>
        <cdfinstname>vdc</cdfinstname>
        <parameterset>
            <parameter>
                <cdfname>FNpairs</cdfname>
                <prompt>Number of noise/freq pairs</prompt>
                <datatype>int</datatype>
                <value>0</value>
                <defvalue>0</defvalue>
            </parameter>
            <parameter>
                <cdfname>vdc</cdfname>
                <prompt>DC voltage</prompt>
                <datatype>string</datatype>
                <value>1</value>
                <defvalue></defvalue>
            </parameter>
        </parameterset>
    </namedstimuli>
    <namedstimuli>
        <stimuliname>vss</stimuliname>
        <timeStamp>13/03/2024;4:6:50:PM</timeStamp>
        <libname></libname>
        <srctype>dc</srctype>
        <sourcetype>V</sourcetype>
        <cdfinstname>vdc</cdfinstname>
        <parameterset>
            <parameter>
                <cdfname>FNpairs</cdfname>
                <prompt>Number of noise/freq pairs</prompt>
                <datatype>int</datatype>
                <value>0</value>
                <defvalue>0</defvalue>
            </parameter>
            <parameter>
                <cdfname>vdc</cdfname>
                <prompt>DC voltage</prompt>
                <datatype>string</datatype>
                <value>0</value>
                <defvalue></defvalue>
            </parameter>
        </parameterset>
    </namedstimuli>
</stimuliset>